id,dish_id,dish_name,servings,ingredient_id,ingredient_name,recipe_quantity,recipe_unit,business_id,IsFullRecipe,IsSubRecipe,shelf_life_days,cost_per_pack_unit,ingredient_total_cost,is_active,menu_price,cost_percent,final_price,prep_time_minutes,storage_temp_fahrenheit,serving_cost,Ingredient_note,full_recipe_id
1,14,Bullet Bites,2,1e5239c6-291f-4e8c-9d62-ac9b4138f210,Bullet Bites,0.66,each,993e2a64-72d2-4911-9581-93f1f63a6224,True,True,,,0.96,True,0.0,0.0,0.0,,,0.96,Each serving contains 3 - 2 oz. balls,14.0
1,19,Performance Hat,1,ac70887d-d3d5-4586-a400-8a0ab6d3eaf3,Performance Hat,,1hat,c273a765-81f8-47c1-9d56-0a30bf841a9a,True,True,0.0,,17.12,True,35.0,48.91,35.0,0.0,0.0,17.12,,19.0
1,20,Strawberry Chia Bites,1,012868b4-b7d3-4c9e-bcdc-7b2fb450d0e8,Strawberry Chia Bites,0.33,each,3243c427-d7c1-4cd4-b7f2-3aeee432d900,True,True,0.0,,0.6,True,0.0,0.0,0.0,0.0,0.0,0.6,,10.0
1,22,Brownie Bite,1,326bf31f-456d-4526-8fbd-5fb9bc6d2d6d,Brownie Bite,0.33,each,ccc57326-304f-438f-a048-3eae07f317b3,True,True,0.0,,0.34,True,0.0,0.0,0.0,0.0,0.0,0.0,each serving contains 3 - 2 oz. balls,22.0
1,1,Pumpkin Pie Cheesecake,7,1d3dc716-4c63-4554-b961-d806d9e9443c,Granola,1.0,,c5ecf771-c44a-481e-baa8-ad6348df72b0,True,False,0.0,,4.3,True,9.0,29.71,9.0,0.0,0.0,2.67,,
2,1,Pumpkin Pie Cheesecake,7,18386b62-95ed-4dc6-98b3-dd955532dcf7,Almond Butter,,each,c5ecf771-c44a-481e-baa8-ad6348df72b0,True,False,0.0,,0.58,True,9.0,29.71,9.0,0.0,0.0,2.67,,
3,1,Pumpkin Pie Cheesecake,7,79cee9a0-b813-4e85-b5a1-ee115cd68577,Pecans,1.0,,c5ecf771-c44a-481e-baa8-ad6348df72b0,True,False,0.0,,6.99,True,9.0,29.71,9.0,0.0,0.0,2.67,,
4,1,Pumpkin Pie Cheesecake,7,8492a77a-6810-4596-b459-cf6ae1b0005d,Maple Syrup,,each,c5ecf771-c44a-481e-baa8-ad6348df72b0,True,False,0.0,,2.22,True,9.0,29.71,9.0,0.0,0.0,2.67,,
5,1,Pumpkin Pie Cheesecake,7,f2a91262-2493-4167-99eb-332f611f0758,Vanilla Extract,,each,c5ecf771-c44a-481e-baa8-ad6348df72b0,True,False,0.0,,0.74,True,9.0,29.71,9.0,0.0,0.0,2.67,,
6,1,Pumpkin Pie Cheesecake,7,4bb77f42-c64d-4c14-a867-d55f7aa512af,Cashews,1.0,,c5ecf771-c44a-481e-baa8-ad6348df72b0,True,False,0.0,,5.83,True,9.0,29.71,9.0,0.0,0.0,2.67,,
7,1,Pumpkin Pie Cheesecake,7,494da231-6631-4e2e-a3c9-4c94637b4ebb,Pumpkin Puree,,each,c5ecf771-c44a-481e-baa8-ad6348df72b0,True,False,0.0,,2.99,True,9.0,29.71,9.0,0.0,0.0,2.67,,
8,1,Pumpkin Pie Cheesecake,7,2f1877a0-791f-4d92-b406-4a82aa15e27a,"Coconut Milk, Canned",,each,c5ecf771-c44a-481e-baa8-ad6348df72b0,True,False,0.0,,2.16,True,9.0,29.71,9.0,0.0,0.0,2.67,,
9,1,Pumpkin Pie Cheesecake,7,9fa87cfb-de49-472b-9f69-e1a60f939a06,"Coconut Oil, Extra Virgin",1.5,oz,c5ecf771-c44a-481e-baa8-ad6348df72b0,True,False,0.0,,0.23,True,9.0,29.71,9.0,0.0,0.0,2.67,,
10,1,Pumpkin Pie Cheesecake,7,3e7d23bf-aecb-47ce-91c0-67dc8ccca1bc,"Bowl Container, Deli",7.0,bowl,c5ecf771-c44a-481e-baa8-ad6348df72b0,True,False,0.0,,0.91,True,9.0,29.71,9.0,0.0,0.0,2.67,,
11,1,Pumpkin Pie Cheesecake,7,ddbe475f-ff18-4ef3-9b17-05efc795886f,Serving Cost,,,c5ecf771-c44a-481e-baa8-ad6348df72b0,True,False,0.0,,,True,9.0,29.71,9.0,0.0,0.0,2.67,2.67 per serving,
12,1,Pumpkin Pie Cheesecake,7,eef08d8a-091a-486b-90f6-e7fec4ee467b,Apple Juice FOH (Subrecipe),,each,c5ecf771-c44a-481e-baa8-ad6348df72b0,True,False,0.0,,0.74,True,9.0,29.71,9.0,0.0,0.0,2.67,,
13,1,Pumpkin Pie Cheesecake,7,b5e8844e-c5ae-4b26-b72b-6a498f817bc4,"Bowl Lids, Deli Round",7.0,ct,c5ecf771-c44a-481e-baa8-ad6348df72b0,True,False,0.0,,0.49,True,9.0,29.71,9.0,0.0,0.0,2.67,,
14,1,Pumpkin Pie Cheesecake,7,19de6efe-50c1-47f2-af81-58ce9b4dc19e,Himalayan Pink Salt,1.0,tsp,c5ecf771-c44a-481e-baa8-ad6348df72b0,True,False,0.0,,0.02,True,9.0,29.71,9.0,0.0,0.0,2.67,,
1,2,Carrots and Raspberries,1,c63cff16-3ae8-4bff-8582-1b7e90cd136d,Raspberry Carrot,,,c9581eaa-ae90-4c4e-ab92-9a6ff685fc00,True,False,0.0,,,True,0.0,0.0,0.0,0.0,0.0,0.0,,
1,3,Booster Bites,16,fd0b6617-a95a-41d9-a88b-4d3ea5815069,Granola,1.0,lb,4c3db274-d009-4045-a34c-e9e33a32d5fc,True,False,0.0,,6.93,True,5.75,15.2,5.75,0.0,0.0,0.87,,
2,3,Booster Bites,16,ec0c23d8-08a1-4797-b582-021ac8c556f1,Pecans,1.0,lb,4c3db274-d009-4045-a34c-e9e33a32d5fc,True,False,0.0,,2.39,True,5.75,15.2,5.75,0.0,0.0,0.87,,
3,3,Booster Bites,16,3ce5feea-9239-4fdc-a21d-50f4616618ce,Pumpkin Puree,0.3,can,4c3db274-d009-4045-a34c-e9e33a32d5fc,True,False,0.0,,0.9,True,5.75,15.2,5.75,0.0,0.0,0.87,,
4,3,Booster Bites,16,869e4f0b-a3d7-434c-b772-e21e8aac6a29,Maple Syrup,1.5,fl.oz,4c3db274-d009-4045-a34c-e9e33a32d5fc,True,False,0.0,,0.56,True,5.75,15.2,5.75,0.0,0.0,0.87,,
5,3,Booster Bites,16,c39f63b3-8683-4bdc-be77-4f0bfe72ee88,Chia Seeds,9.0,tbsp,4c3db274-d009-4045-a34c-e9e33a32d5fc,True,False,0.0,,0.84,True,5.75,15.2,5.75,0.0,0.0,0.87,,
6,3,Booster Bites,16,5b0d3719-d9c6-479c-8fd3-6f1318496834,Flax Seeds,9.0,tbsp,4c3db274-d009-4045-a34c-e9e33a32d5fc,True,False,0.0,,0.49,True,5.75,15.2,5.75,0.0,0.0,0.87,,
7,3,Booster Bites,16,eefbc193-aac1-4b2c-bc45-655692341ca3,Pumpkin Spice,2.04,oz,4c3db274-d009-4045-a34c-e9e33a32d5fc,True,False,0.0,,0.61,True,5.75,15.2,5.75,0.0,0.0,0.87,,
8,3,Booster Bites,16,006bc39e-005f-408a-b94e-075f41460df4,Vanilla Extract,0.75,oz,4c3db274-d009-4045-a34c-e9e33a32d5fc,True,False,0.0,,0.03,True,5.75,15.2,5.75,0.0,0.0,0.87,,
9,3,Booster Bites,16,bbe7ab00-3454-4a6e-ab68-81d71e542e9e,Himalayan Pink Salt,0.25,oz,4c3db274-d009-4045-a34c-e9e33a32d5fc,True,False,0.0,,0.02,True,5.75,15.2,5.75,0.0,0.0,0.87,,
10,3,Booster Bites,16,78b15d2f-7f73-4c58-9393-7f69d97592b0,Pumpkin Seeds,4.0,oz,4c3db274-d009-4045-a34c-e9e33a32d5fc,True,False,0.0,,1.21,True,5.75,15.2,5.75,0.0,0.0,0.87,,
1,4,Booster Bites,63,ee8b87bb-154b-4a70-bdbd-9ed84108742a,Walnuts,,,2a31daa7-b4d5-4dbf-9a45-4b50ba72f0dc,True,False,0.0,,,True,6.25,16.36,6.25,0.0,0.0,1.02,,
2,4,Booster Bites,63,41a80987-096b-4765-a907-bbb175a031a5,Vanilla Extract,1.33,fl.oz,2a31daa7-b4d5-4dbf-9a45-4b50ba72f0dc,True,False,0.0,,0.98,True,6.25,16.36,6.25,0.0,0.0,1.02,,
3,4,Booster Bites,63,f33e76a2-b8ac-4163-96a6-870baf4bdf77,Cacao Powder,17.55,oz,2a31daa7-b4d5-4dbf-9a45-4b50ba72f0dc,True,False,0.0,,3.21,True,6.25,16.36,6.25,0.0,0.0,1.02,,
4,4,Booster Bites,63,8fcaf88f-a638-4f3c-9191-540199cb3c55,Coconut Flakes,6.0,oz,2a31daa7-b4d5-4dbf-9a45-4b50ba72f0dc,True,False,0.0,,1.14,True,6.25,16.36,6.25,0.0,0.0,1.02,,
5,4,Booster Bites,63,335a45c3-040c-4331-8584-92b853e1e97b,Date Paste,112.0,oz,2a31daa7-b4d5-4dbf-9a45-4b50ba72f0dc,True,False,0.0,,26.46,True,6.25,16.36,6.25,0.0,0.0,1.02,,
6,4,Booster Bites,63,d34bf638-d659-4579-8f7b-25bf1d7b5471,Himalayan Pink Salt,0.66,oz,2a31daa7-b4d5-4dbf-9a45-4b50ba72f0dc,True,False,0.0,,0.06,True,6.25,16.36,6.25,0.0,0.0,1.02,,
7,4,Booster Bites,63,ae5838f8-7598-4e58-899e-65e28178cd5c,"Bowl Container, Deli",63.0,bowl,2a31daa7-b4d5-4dbf-9a45-4b50ba72f0dc,True,False,0.0,,8.19,True,6.25,16.36,6.25,0.0,0.0,1.02,,
8,4,Booster Bites,63,8b73b335-68f9-4b90-9bbb-5ebcdd47b313,"Bowl Lids, Deli Round",63.0,ct,2a31daa7-b4d5-4dbf-9a45-4b50ba72f0dc,True,False,0.0,,4.41,True,6.25,16.36,6.25,0.0,0.0,1.02,,
1,5,Booster Bites,60,b47a9c15-5b0d-48fa-a2c2-d86c3f194eb5,Cashews,12.0,cup,8c5a0036-c1b1-4598-92d9-2be6af00f31c,True,False,0.0,,21.86,True,6.25,30.12,6.25,0.0,0.0,1.88,,
2,5,Booster Bites,60,f1050b8a-ee37-4601-9b1c-89a02b987e8a,Pecans,20.0,cup,8c5a0036-c1b1-4598-92d9-2be6af00f31c,True,False,0.0,,36.31,True,6.25,30.12,6.25,0.0,0.0,1.88,,
3,5,Booster Bites,60,8de35b5e-897e-43ea-8ee8-8251f0c5e904,Vanilla Extract,2.0,fl.oz,8c5a0036-c1b1-4598-92d9-2be6af00f31c,True,False,0.0,,1.48,True,6.25,30.12,6.25,0.0,0.0,1.88,,
4,5,Booster Bites,60,fb45f3c9-bea7-4c9d-8af4-580a9dae1bdb,"Bananas, Fresh",48.0,oz,8c5a0036-c1b1-4598-92d9-2be6af00f31c,True,False,0.0,,3.39,True,6.25,30.12,6.25,0.0,0.0,1.88,,
5,5,Booster Bites,60,61083629-1138-4d96-b6a0-fe7dda2d1fb5,Honey,12.0,oz,8c5a0036-c1b1-4598-92d9-2be6af00f31c,True,False,0.0,,3.5,True,6.25,30.12,6.25,0.0,0.0,1.88,,
6,5,Booster Bites,60,a393e1c9-551a-485b-8fe5-b968be96d6bb,Pea Protein,4.0,cup,8c5a0036-c1b1-4598-92d9-2be6af00f31c,True,False,0.0,,11.28,True,6.25,30.12,6.25,0.0,0.0,1.88,,
7,5,Booster Bites,60,ddf99012-b67a-475b-8adf-c981a4994c2d,"Cinnamon, Ground, Organic",0.5,cup,8c5a0036-c1b1-4598-92d9-2be6af00f31c,True,False,0.0,,1.78,True,6.25,30.12,6.25,0.0,0.0,1.88,,
8,5,Booster Bites,60,9c38388c-fefd-4547-9793-9a56bc9faa44,Date Paste,56.0,oz,8c5a0036-c1b1-4598-92d9-2be6af00f31c,True,False,0.0,,13.23,True,6.25,30.12,6.25,0.0,0.0,1.88,,
9,5,Booster Bites,60,e204487f-d665-4677-932c-2d0b5aaec72d,Himalayan Pink Salt,2.0,oz,8c5a0036-c1b1-4598-92d9-2be6af00f31c,True,False,0.0,,0.19,True,6.25,30.12,6.25,0.0,0.0,1.88,,
10,5,Booster Bites,60,04c5c060-8967-4202-9c82-189e204fcc56,Pecans,4.0,cup,8c5a0036-c1b1-4598-92d9-2be6af00f31c,True,False,0.0,,7.26,True,6.25,30.12,6.25,0.0,0.0,1.88,,
11,5,Booster Bites,60,83aa14f9-ea97-413d-a223-c3a72e33b5f0,"Cinnamon, Ground, Organic",3.0,tbsp,8c5a0036-c1b1-4598-92d9-2be6af00f31c,True,False,0.0,,0.67,True,6.25,30.12,6.25,0.0,0.0,1.88,,
12,5,Booster Bites,60,cfb2feac-5a98-411c-8813-40801b50995a,"Bowl Container, Deli, 8 oz",1.0,bowl,8c5a0036-c1b1-4598-92d9-2be6af00f31c,True,False,0.0,,7.8,True,6.25,30.12,6.25,0.0,0.0,1.88,,
13,5,Booster Bites,60,3260b0cb-0313-4a79-b014-e91596e0fa14,"Bowl Lids, Deli Round",60.0,ct,8c5a0036-c1b1-4598-92d9-2be6af00f31c,True,False,0.0,,4.2,True,6.25,30.12,6.25,0.0,0.0,1.88,,
1,6,Booster Bites,64,7448f4e2-9373-4242-8589-a508f31fe816,Almond Flour,16.0,cup,7cc46922-597a-47ff-b531-c0f606f72e43,True,False,0.0,,14.64,True,6.25,19.0,6.25,0.0,0.0,1.19,,
2,6,Booster Bites,64,61f9b75e-b4ba-4b90-9185-b7dbd5d00ab3,Peanut Butter,48.0,oz,7cc46922-597a-47ff-b531-c0f606f72e43,True,False,0.0,,8.16,True,6.25,19.0,6.25,0.0,0.0,1.19,,
3,6,Booster Bites,64,3d00d56a-3b33-42e2-9d36-326737b578ea,"Flax Seeds, Ground",4.0,cup,7cc46922-597a-47ff-b531-c0f606f72e43,True,False,0.0,,3.51,True,6.25,19.0,6.25,0.0,0.0,1.19,,
4,6,Booster Bites,64,cf957fba-f1ec-43e2-acb3-6d6794955954,Honey,27.0,oz,7cc46922-597a-47ff-b531-c0f606f72e43,True,False,0.0,,7.86,True,6.25,19.0,6.25,0.0,0.0,1.19,,
5,6,Booster Bites,64,08b54fa2-bf8a-48bc-ac28-19948dc40ee8,Date Paste,36.0,oz,7cc46922-597a-47ff-b531-c0f606f72e43,True,False,0.0,,8.51,True,6.25,19.0,6.25,0.0,0.0,1.19,,
6,6,Booster Bites,64,4cf09b14-da1a-41ae-b85d-4225dae1e754,Himalayan Pink Salt,1.0,tbsp,7cc46922-597a-47ff-b531-c0f606f72e43,True,False,0.0,,0.05,True,6.25,19.0,6.25,0.0,0.0,1.19,,
7,6,Booster Bites,64,fdf41daf-8c6f-4c78-8346-430079839b61,Peanut Butter powder,26.0,oz,7cc46922-597a-47ff-b531-c0f606f72e43,True,False,0.0,,14.04,True,6.25,19.0,6.25,0.0,0.0,1.19,,
8,6,Booster Bites,64,33d9d2a9-9e98-43be-ac8f-14d01b862d55,"Bowl Container, Deli",64.0,bowl,7cc46922-597a-47ff-b531-c0f606f72e43,True,False,0.0,,8.32,True,6.25,19.0,6.25,0.0,0.0,1.19,,
9,6,Booster Bites,64,888dafa3-7b5c-42df-8473-ec6386e66044,"Bowl Lids, Deli Round",64.0,ct,7cc46922-597a-47ff-b531-c0f606f72e43,True,False,0.0,,4.48,True,6.25,19.0,6.25,0.0,0.0,1.19,,
10,6,Booster Bites,64,5daaf1b3-419d-48f1-b2ee-afb5aff968b3,Pea Protein,13.0,oz,7cc46922-597a-47ff-b531-c0f606f72e43,True,False,0.0,,6.44,True,6.25,19.0,6.25,0.0,0.0,1.19,,
1,7,Booster Bites,20,29863236-9505-44e5-a6bc-6ff469a77300,Sunflower Butter,48.0,oz,d4406eb2-768a-4444-bf7a-2b03edd7dabb,True,False,0.0,,25.44,True,6.25,30.95,6.25,0.0,0.0,1.93,,
2,7,Booster Bites,20,ead9954b-8eb2-49e8-9e4b-56e16fde29b4,"Honey, Back of House",11.6,oz,d4406eb2-768a-4444-bf7a-2b03edd7dabb,True,False,0.0,,3.38,True,6.25,30.95,6.25,0.0,0.0,1.93,,
3,7,Booster Bites,20,efa22751-4efe-4b24-bcb5-e61ab6ee6f27,Coconut Flakes,6.0,oz,d4406eb2-768a-4444-bf7a-2b03edd7dabb,True,False,0.0,,1.14,True,6.25,30.95,6.25,0.0,0.0,1.93,,
4,7,Booster Bites,20,61fecbb5-9393-425a-b54f-18e61e5dea17,"Flax Seeds, Ground",4.0,oz,d4406eb2-768a-4444-bf7a-2b03edd7dabb,True,False,0.0,,0.62,True,6.25,30.95,6.25,0.0,0.0,1.93,,
5,7,Booster Bites,20,ce7b3bc9-4ecf-46fd-afc7-2cb531467ba8,Sunflower Seeds,7.76,oz,d4406eb2-768a-4444-bf7a-2b03edd7dabb,True,False,0.0,,2.42,True,6.25,30.95,6.25,0.0,0.0,1.93,,
6,7,Booster Bites,20,10195a5b-25bc-4a18-8b84-992e8a8a8246,Vanilla Extract,1.0,fl.oz,d4406eb2-768a-4444-bf7a-2b03edd7dabb,True,False,0.0,,0.74,True,6.25,30.95,6.25,0.0,0.0,1.93,,
7,7,Booster Bites,20,c82b4d7b-89c4-4341-b762-999edb2439ea,Himalayan Pink Salt,0.15,oz,d4406eb2-768a-4444-bf7a-2b03edd7dabb,True,False,0.0,,0.01,True,6.25,30.95,6.25,0.0,0.0,1.93,,
8,7,Booster Bites,20,44a717c5-f1d0-4308-90cf-a95ae0c6f124,Sunflower Seeds,3.0,oz,d4406eb2-768a-4444-bf7a-2b03edd7dabb,True,False,0.0,,0.94,True,6.25,30.95,6.25,0.0,0.0,1.93,,
9,7,Booster Bites,20,899f318b-b300-41da-a52e-de446a91388b,"Bowl Container, Deli",8.0,oz,d4406eb2-768a-4444-bf7a-2b03edd7dabb,True,False,0.0,,0.13,True,6.25,30.95,6.25,0.0,0.0,1.93,,
10,7,Booster Bites,20,4a4625b9-db22-4c9b-a6f3-3c3b45714793,"Bowl Lids, Deli Round",20.0,ct,d4406eb2-768a-4444-bf7a-2b03edd7dabb,True,False,0.0,,1.4,True,6.25,30.95,6.25,0.0,0.0,1.93,,
1,8,Booster Bites,14,c7d6ddeb-50a2-4192-b151-d17fbb7477e7,Cashews,14.6,oz,71ff7e28-385c-4c68-a5a7-8a2e6813150d,True,False,0.0,,5.32,True,6.25,23.35,6.25,0.0,0.0,1.46,,
2,8,Booster Bites,14,34530d6e-9ddf-4ab1-8bdd-28b09386cb79,Cacao Powder,3.3,oz,71ff7e28-385c-4c68-a5a7-8a2e6813150d,True,False,0.0,,0.6,True,6.25,23.35,6.25,0.0,0.0,1.46,,
3,8,Booster Bites,14,c733183e-3aee-4e25-ac4a-91e4f4abd9de,"Mushroom Powder, Laird",0.6,oz,71ff7e28-385c-4c68-a5a7-8a2e6813150d,True,False,0.0,,2.45,True,6.25,23.35,6.25,0.0,0.0,1.46,,
4,8,Booster Bites,14,4b08f9bc-8f26-43cc-8a73-fb6ae85da167,Superfood,1.0,each,71ff7e28-385c-4c68-a5a7-8a2e6813150d,True,False,0.0,,,True,6.25,23.35,6.25,0.0,0.0,1.46,,
5,8,Booster Bites,14,0eda7bd7-25b1-4d79-a6ee-9a15736f5556,Hemp Seeds,2.5,oz,71ff7e28-385c-4c68-a5a7-8a2e6813150d,True,False,0.0,,1.07,True,6.25,23.35,6.25,0.0,0.0,1.46,,
6,8,Booster Bites,14,58602efe-dbab-4071-a99b-505cecb75fc5,Date Paste,21.0,oz,71ff7e28-385c-4c68-a5a7-8a2e6813150d,True,False,0.0,,4.96,True,6.25,23.35,6.25,0.0,0.0,1.46,,
7,8,Booster Bites,14,7cc6bd25-da08-40b7-b28c-8e1c3be011b8,Coffee Beans,3.22,oz,71ff7e28-385c-4c68-a5a7-8a2e6813150d,True,False,0.0,,3.22,True,6.25,23.35,6.25,0.0,0.0,1.46,,
8,8,Booster Bites,14,7ce54e5b-4862-44e8-914b-528eeb69069c,Himalayan Pink Salt,0.15,oz,71ff7e28-385c-4c68-a5a7-8a2e6813150d,True,False,0.0,,0.01,True,6.25,23.35,6.25,0.0,0.0,1.46,,
9,8,Booster Bites,14,57b9651a-2263-4df1-8fb2-597e814935b7,"Bowl Container, Deli",14.0,bowl,71ff7e28-385c-4c68-a5a7-8a2e6813150d,True,False,0.0,,1.82,True,6.25,23.35,6.25,0.0,0.0,1.46,,
10,8,Booster Bites,14,dc3b72ae-a678-4cd7-b45e-a425aafa332a,"Bowl Lids, Deli Round",14.0,ct,71ff7e28-385c-4c68-a5a7-8a2e6813150d,True,False,0.0,,0.98,True,6.25,23.35,6.25,0.0,0.0,1.46,,
1,9,Booster Bites,83,52ba8000-258d-474b-9cb2-abcdefd803af,Peanut Butter,1.0,,779fb093-bffa-47b5-b85f-1c48bb7430de,True,False,0.0,,6.12,True,6.25,18.49,6.25,0.0,0.0,1.16,,
2,9,Booster Bites,83,5797a038-f722-4ed1-bccc-c06f3974fb91,Almond Flour,20.0,cup,779fb093-bffa-47b5-b85f-1c48bb7430de,True,False,0.0,,18.3,True,6.25,18.49,6.25,0.0,0.0,1.16,,
3,9,Booster Bites,83,9e0827ec-7faf-41db-9d05-f32dfa5fbbe4,Date Paste,112.0,oz,779fb093-bffa-47b5-b85f-1c48bb7430de,True,False,0.0,,26.46,True,6.25,18.49,6.25,0.0,0.0,1.16,,
4,9,Booster Bites,83,19dc3418-bb0c-4b7a-890f-b713fac60acb,Vanilla Extract,6.0,fl.oz,779fb093-bffa-47b5-b85f-1c48bb7430de,True,False,0.0,,0.26,True,6.25,18.49,6.25,0.0,0.0,1.16,,
5,9,Booster Bites,83,0908cbdc-2106-4223-a53a-812baaec5915,"Flax Seeds, Ground",3.0,cup,779fb093-bffa-47b5-b85f-1c48bb7430de,True,False,0.0,,2.63,True,6.25,18.49,6.25,0.0,0.0,1.16,,
6,9,Booster Bites,83,9679db64-74a3-499a-837e-b40bb09234c3,"Chia Seeds, Black",3.0,cup,779fb093-bffa-47b5-b85f-1c48bb7430de,True,False,0.0,,4.49,True,6.25,18.49,6.25,0.0,0.0,1.16,,
7,9,Booster Bites,83,c9eec5bf-650f-43db-8cf5-a3cefbd5a461,Honey,12.0,fl.oz,779fb093-bffa-47b5-b85f-1c48bb7430de,True,False,0.0,,5.24,True,6.25,18.49,6.25,0.0,0.0,1.16,,
8,9,Booster Bites,83,5c0c5406-8eb0-4b56-9d85-2dd2d9e526f2,"Cinnamon, Ground, Organic",4.0,tbsp,779fb093-bffa-47b5-b85f-1c48bb7430de,True,False,0.0,,0.89,True,6.25,18.49,6.25,0.0,0.0,1.16,,
9,9,Booster Bites,83,f1807812-7d5c-415e-99ce-a36ad221c21d,Pea Protein,2.0,cup,779fb093-bffa-47b5-b85f-1c48bb7430de,True,False,0.0,,5.64,True,6.25,18.49,6.25,0.0,0.0,1.16,,
10,9,Booster Bites,83,8e6c7cfd-3bca-42f0-acc7-cb09f01d7c78,Himalayan Pink Salt,4.0,tbsp,779fb093-bffa-47b5-b85f-1c48bb7430de,True,False,0.0,,0.19,True,6.25,18.49,6.25,0.0,0.0,1.16,,
11,9,Booster Bites,83,66c8a445-a296-4ba9-a840-13f51099abf8,Coconut Flakes,36.0,oz,779fb093-bffa-47b5-b85f-1c48bb7430de,True,False,0.0,,6.86,True,6.25,18.49,6.25,0.0,0.0,1.16,,
12,9,Booster Bites,83,69da2355-e7aa-415d-8718-dd426e460079,Cacao Nibs,1.5,cup,779fb093-bffa-47b5-b85f-1c48bb7430de,True,False,0.0,,2.26,True,6.25,18.49,6.25,0.0,0.0,1.16,,
13,9,Booster Bites,83,44f5a59e-a145-433b-9b33-f9fb4b94831c,"Bowl Container, Deli",83.0,bowl,779fb093-bffa-47b5-b85f-1c48bb7430de,True,False,0.0,,10.79,True,6.25,18.49,6.25,0.0,0.0,1.16,,
14,9,Booster Bites,83,6edbaa5e-8e0d-4bcb-a4f2-9664aff9c16f,"Bowl Lids, Deli Round",83.0,ct,779fb093-bffa-47b5-b85f-1c48bb7430de,True,False,0.0,,5.81,True,6.25,18.49,6.25,0.0,0.0,1.16,,
1,10,Strawberry Chia Bites,51,25c72a63-97c8-4046-b44b-328c65be702b,Almond Flour,24.0,cup,27d95a76-0dcf-4401-b064-5d444c19cfea,True,False,0.0,,21.96,True,6.25,29.11,6.25,0.0,0.0,1.82,,
2,10,Strawberry Chia Bites,51,10a28773-f9fb-48ad-bae1-a60328ee612e,Beet Powder,0.5,cup,27d95a76-0dcf-4401-b064-5d444c19cfea,True,False,0.0,,2.5,True,6.25,29.11,6.25,0.0,0.0,1.82,,
3,10,Strawberry Chia Bites,51,3672f273-524f-4a6c-a6c3-7304d0138b8c,Vanilla Extract,0.5,cup,27d95a76-0dcf-4401-b064-5d444c19cfea,True,False,0.0,,2.96,True,6.25,29.11,6.25,0.0,0.0,1.82,,
4,10,Strawberry Chia Bites,51,6aefe519-e44a-4bf9-b0eb-9ce6514d4d10,Date Paste,56.0,oz,27d95a76-0dcf-4401-b064-5d444c19cfea,True,False,0.0,,13.23,True,6.25,29.11,6.25,0.0,0.0,1.82,,
5,10,Strawberry Chia Bites,51,bb45c6ff-5e6f-4b63-8ac8-43ba9b132514,Strawberry Powder,10.4,oz,27d95a76-0dcf-4401-b064-5d444c19cfea,True,False,0.0,,36.54,True,6.25,29.11,6.25,0.0,0.0,1.82,,
6,10,Strawberry Chia Bites,51,3f0e0183-2cdf-4805-94a8-f0988e467ba0,"Bowl Container, Deli",51.0,bowl,27d95a76-0dcf-4401-b064-5d444c19cfea,True,False,0.0,,6.63,True,6.25,29.11,6.25,0.0,0.0,1.82,,
7,10,Strawberry Chia Bites,51,b4e371ed-0dbe-44d1-bf88-20a8681c3691,"Bowl Lids, Deli Round",51.0,ct,27d95a76-0dcf-4401-b064-5d444c19cfea,True,False,0.0,,3.57,True,6.25,29.11,6.25,0.0,0.0,1.82,,
8,10,Strawberry Chia Bites,51,c34a8b10-89bb-4e22-b7dc-75b31a559f4f,Coconut Flakes,12.0,oz,27d95a76-0dcf-4401-b064-5d444c19cfea,True,False,0.0,,2.29,True,6.25,29.11,6.25,0.0,0.0,1.82,,
9,10,Strawberry Chia Bites,51,1b22d2e0-96e2-41fd-b98d-f3e81d6df01f,"Chia Seeds, Black",2.0,cup,27d95a76-0dcf-4401-b064-5d444c19cfea,True,False,0.0,,2.99,True,6.25,29.11,6.25,0.0,0.0,1.82,,
10,10,Strawberry Chia Bites,51,bf3af39f-8d2b-4e44-89eb-791b69bc4c7c,Himalayan Pink Salt,1.2,oz,27d95a76-0dcf-4401-b064-5d444c19cfea,True,False,0.0,,0.11,True,6.25,29.11,6.25,0.0,0.0,1.82,,
1,11,Lemon Poppy Seed Bites,26,95b228bf-30ae-419f-a589-88ba1800df50,Almond Flour,16.0,cup,20c3cc19-de6d-4544-81f7-573de2a9052f,True,False,0.0,,14.64,True,6.25,19.34,6.25,0.0,0.0,1.21,,
2,11,Lemon Poppy Seed Bites,26,6948bcfb-01d4-493c-ba74-7392d9351f42,Vanilla Extract,1.0,oz,20c3cc19-de6d-4544-81f7-573de2a9052f,True,False,0.0,,0.04,True,6.25,19.34,6.25,0.0,0.0,1.21,,
3,11,Lemon Poppy Seed Bites,26,e6e53146-c301-4251-91d7-c4382774d841,"Coconut Oil, Extra Virgin",2.0,tbsp,20c3cc19-de6d-4544-81f7-573de2a9052f,True,False,0.0,,0.15,True,6.25,19.34,6.25,0.0,0.0,1.21,,
4,11,Lemon Poppy Seed Bites,26,ec64b17b-abef-4851-b3d0-accc81e5f6d2,Maple Syrup,2.0,cup,20c3cc19-de6d-4544-81f7-573de2a9052f,True,False,0.0,,5.92,True,6.25,19.34,6.25,0.0,0.0,1.21,,
5,11,Lemon Poppy Seed Bites,26,2b39f300-9e30-439a-b061-d138eb66e993,"Juice, Lemon, Fresh",10.0,oz,20c3cc19-de6d-4544-81f7-573de2a9052f,True,False,0.0,,0.8,True,6.25,19.34,6.25,0.0,0.0,1.21,,
6,11,Lemon Poppy Seed Bites,26,0c6bd517-4ab5-4ac5-a99f-b929b479c030,"Lemons, Fresh",4.0,lemon,20c3cc19-de6d-4544-81f7-573de2a9052f,True,False,0.0,,2.36,True,6.25,19.34,6.25,0.0,0.0,1.21,,
7,11,Lemon Poppy Seed Bites,26,3dc9919a-b766-41bf-9068-e22cf4090e94,Poppy Seeds,2.0,oz,20c3cc19-de6d-4544-81f7-573de2a9052f,True,False,0.0,,1.17,True,6.25,19.34,6.25,0.0,0.0,1.21,,
8,11,Lemon Poppy Seed Bites,26,dc5b70ed-3614-4239-9db3-73872f9c6ebe,Coconut Flakes,6.0,oz,20c3cc19-de6d-4544-81f7-573de2a9052f,True,False,0.0,,1.14,True,6.25,19.34,6.25,0.0,0.0,1.21,,
9,11,Lemon Poppy Seed Bites,26,4a5e4b47-0cd6-46f8-a553-d237c419f3c6,"Bowl Container, Deli",26.0,bowl,20c3cc19-de6d-4544-81f7-573de2a9052f,True,False,0.0,,3.38,True,6.25,19.34,6.25,0.0,0.0,1.21,,
10,11,Lemon Poppy Seed Bites,26,8b3fc3d7-2314-4187-8e06-d16275694ad2,"Bowl Lids, Deli Round",26.0,ct,20c3cc19-de6d-4544-81f7-573de2a9052f,True,False,0.0,,1.82,True,6.25,19.34,6.25,0.0,0.0,1.21,,
1,13,Booster Bites,7,d5f5c21e-d86e-49cd-89ce-00f426d5c407,"Granola, Gluten-Free",1.0,lb,09a8e2e9-a02b-4e47-8ff2-923edf00977b,True,False,0.0,,4.3,True,9.0,30.87,9.0,0.0,0.0,2.78,,
2,13,Booster Bites,7,7a71e7f8-e0fd-43a0-848e-c34f3099bed6,Almond Butter,0.25,cup,09a8e2e9-a02b-4e47-8ff2-923edf00977b,True,False,0.0,,0.58,True,9.0,30.87,9.0,0.0,0.0,2.78,,
3,13,Booster Bites,7,ee8b11d4-a101-458f-8643-25fe146703c1,Pecans,1.0,cup,09a8e2e9-a02b-4e47-8ff2-923edf00977b,True,False,0.0,,1.82,True,9.0,30.87,9.0,0.0,0.0,2.78,,
4,13,Booster Bites,7,28e73729-c8ee-4dbf-a83d-7ffd7a7d7ecf,Maple Syrup,0.5,cup,09a8e2e9-a02b-4e47-8ff2-923edf00977b,True,False,0.0,,1.48,True,9.0,30.87,9.0,0.0,0.0,2.78,,
5,13,Booster Bites,7,4f21667b-559e-44cc-8de8-359c7f4dddfd,Vanilla Extract,2.0,tbsp,09a8e2e9-a02b-4e47-8ff2-923edf00977b,True,False,0.0,,0.74,True,9.0,30.87,9.0,0.0,0.0,2.78,,
6,13,Booster Bites,7,dce2bf09-83d6-4d46-8183-02d5ee614b00,Cashews,1.0,cup,09a8e2e9-a02b-4e47-8ff2-923edf00977b,True,False,0.0,,1.82,True,9.0,30.87,9.0,0.0,0.0,2.78,,
7,13,Booster Bites,7,ebb79471-f07e-4c12-9afc-1b6f8b31e4be,Pumpkin Puree,1.0,can,09a8e2e9-a02b-4e47-8ff2-923edf00977b,True,False,0.0,,2.99,True,9.0,30.87,9.0,0.0,0.0,2.78,,
8,13,Booster Bites,7,5c338035-47e8-4fb5-8a5b-8cada9f4f5c9,"Coconut Milk, Canned",13.5,fl.oz,09a8e2e9-a02b-4e47-8ff2-923edf00977b,True,False,0.0,,2.16,True,9.0,30.87,9.0,0.0,0.0,2.78,,
9,13,Booster Bites,7,95539258-0a54-4746-93f1-d961dbaf9e29,Maple Syrup,4.0,fl.oz,09a8e2e9-a02b-4e47-8ff2-923edf00977b,True,False,0.0,,1.48,True,9.0,30.87,9.0,0.0,0.0,2.78,,
10,13,Booster Bites,7,1007f36e-6f55-478f-b33a-f68537857581,"Coconut Oil, Extra Virgin",1.5,oz,09a8e2e9-a02b-4e47-8ff2-923edf00977b,True,False,0.0,,0.23,True,9.0,30.87,9.0,0.0,0.0,2.78,,
11,13,Booster Bites,7,832ae00e-2895-4c14-82c6-fedfcc0b0b25,Apple Juice FOH (Subrecipe),1.0,cup,09a8e2e9-a02b-4e47-8ff2-923edf00977b,True,False,0.0,,0.74,True,9.0,30.87,9.0,0.0,0.0,2.78,,
12,13,Booster Bites,7,0606a47f-1fba-4b18-a2fc-2eb9cf67ef6a,"Bowl Container, Deli, 8 oz",7.0,bowl,09a8e2e9-a02b-4e47-8ff2-923edf00977b,True,False,0.0,,0.91,True,9.0,30.87,9.0,0.0,0.0,2.78,,
13,13,Booster Bites,7,4d82806c-3582-4603-b6d5-94c9ee74e87e,"Bowl Lids, Deli Round",7.0,ct,09a8e2e9-a02b-4e47-8ff2-923edf00977b,True,False,0.0,,0.49,True,9.0,30.87,9.0,0.0,0.0,2.78,,
14,13,Booster Bites,7,934f4316-cc73-41fb-80f9-df51060bb1b7,Himalayan Pink Salt,0.15,oz,09a8e2e9-a02b-4e47-8ff2-923edf00977b,True,False,0.0,,0.01,True,9.0,30.87,9.0,0.0,0.0,2.78,,
1,15,Boosters Bites,1,4ec71421-3a94-4bd9-9146-d8f934bc4ed9,Blue Bae,100.0,each,9fe1d2f3-24b7-43f1-976b-25ef0a1dd655,True,False,0.0,,1.87,True,7.5,24.93,7.5,0.0,0.0,1.87,,
1,16,Brownie Bites (2 pack),1,7b705c9c-17e1-48b2-bb5a-4c2b30b08241,Brownie Bites,0.66,each,a97edfde-746e-4a7d-9791-9078901e550b,True,False,0.0,,0.67,True,0.0,0.0,0.0,0.0,0.0,0.67,,
1,17,Booster Bites,1,a54791f9-28be-4fba-981a-464f000e6bf2,"E+ROSE Logo T-Shirt, Navy",1.0,,ff450e56-9bb4-4178-b2b1-ba952931ecc8,True,False,0.0,,11.86,True,0.0,0.0,0.0,0.0,0.0,11.86,,
1,18,Booster Bites,1,d6fc33d6-27ed-4ca3-af9b-f863b640b09e,"Baby Blue Hat, Small Logo",,,e7edd7fe-92ad-4f6c-a9e6-579be4835802,True,False,0.0,,,True,0.0,0.0,0.0,0.0,0.0,14.32,,
1,21,Cookie Dough Bites (Subrecipe),1,62dd161e-e409-45f5-af5d-aacecdeef287,Cookie Dough Bites,100.0,each,842e7323-5df6-4e7a-8651-3c214c46fc71,True,False,0.0,,0.38,True,0.0,0.0,0.0,0.0,0.0,0.38,1 Ball,